en,ru,country,group,size,coat,muzzle,ears
Affenpinscher,Аффенпинчер,germany,pinscher,small,wirehaired,short,semierect
Afghan Hound,Афганская борзая,afghanistan,hound,large,long,long,long
African Hunting Dog,Африканская охотничья собака,africa,other,medium,short,normal,erect
African Wild Dog,Африканская дикая собака,africa,other,medium,short,normal,erect
Aidi,Аиди,morocco,shepherd,large,medium,normal,semierect
Akita,Акита,japan,spitz,large,medium,normal,erect
Alaskan Malamute,Аляскинскималамут,usa,spitz,large,medium,normal,erect
Alpine Dachsbracke Dog,Альпийская таксообразная гончая,austria,hound,small,short,normal,dropped
American Foxhound,Американская лисья гончая,usa,hound,large,short,normal,dropped
American Hairless,Американская бесшёрстная,usa,terrier,small,hairless,normal,erect
American Spaniel,Американский спаниель,usa,spaniel,medium,medium,normal,long
American Staffordshire Terrier,Американский стаффордширский терьер,usa,terrier,medium,short,normal,semierect
American Water Spaniel,Американский водяной спаниель,usa,spaniel,medium,curly,normal,dropped
Appenzell Cattle Dog,Аппенцеллерская пастушья собака,switzerland,shepherd,medium,short,normal,dropped
Appenzeller,Аппенцеллер,switzerland,shepherd,medium,short,normal,dropped
Ariege Pointer,Арьежская легавая,france,pointer,large,short,normal,dropped
Ariegeois,Арьежуа,france,hound,large,short,normal,dropped
Artois Hound,Артуазская гончая,france,hound,medium,short,normal,dropped
Australian Cattle Dog,Австралийская пастушья собака,australia,shepherd,medium,short,normal,erect
Australian Kelpie,Австралийский келпи,australia,shepherd,medium,short,normal,erect
Australian Shepherd,Австралийская овчарка,usa,shepherd,medium,medium,normal,semierect
Australian Terrier,Австралийский терьер,australia,terrier,small,wirehaired,normal,erect
Austrian Black and Tan Hound,Австралийская черно-подпалая гончая,austria,hound,large,short,normal,dropped
Austrian Pinscher,Австралийский пинчер,austria,pinscher,medium,short,normal,dropped
Auvergne Pointer,Овернская легавая,france,pointer,large,short,normal,dropped
Azawakh,Азавак,mali,hound,large,short,long,dropped
Barak Hound,Барак гончая,bosnia,hound,medium,wirehaired,normal,dropped
Barbet,Барбет,france,spaniel,medium,curly,normal,dropped
Basenji,Басенджи,congo,hound,small,short,normal,erect
Basset Fauve De Bretagne,Бассет-грифон вандейский,france,hound,small,wirehaired,normal,dropped
Basset Hound,Бассет-хаунд,france,hound,medium,short,normal,long
Bavarian Mountain Scent Hound,Баварская горная гончая,germany,hound,medium,short,normal,dropped
Beagle,Бигль,uk,hound,medium,short,normal,long
Bearded Collie,Бородатый колли,uk,collie,medium,long,normal,dropped
Beauceron,Босерон,france,shepherd,large,short,normal,semierect
Bedlington Terrier,Бедлингтон-терьер,uk,terrier,medium,curly,long,dropped
Belgian Shepherd,Бельгийская овчарка,belgium,shepherd,large,long,normal,erect
Bergamasco Shepherd,Бергамская овчарка,italy,shepherd,large,long,normal,dropped
Berger Picard,Бергер-пикард,france,shepherd,large,wirehaired,normal,erect
Bernese Mountain Dog,Бернский зенненхунд,switzerland,shepherd,large,long,normal,dropped
Bichon Frisé,Бишон фризе,france,other,small,curly,short,dropped
Black And Tan Coonhound Dog,Черно-подпалый кунхаунд,usa,hound,large,short,normal,dropped
Black Russian Terrier,Чёрный русский терьер,russia,terrier,large,wirehaired,normal,dropped
Blenheim Spaniel,Бленхейм-спаниель,uk,spaniel,small,long,short,long
Bloodhound,Бладхаунд,uk,hound,large,short,normal,long
Blue Gascony Basset,Голубой гасконский бассет,france,hound,small,short,normal,dropped
Blue Picardy Spaniel,Голубой пикардийский спаниель,france,spaniel,large,medium,normal,dropped
Bluetick Coonhound,Блютик-кунхаунд,usa,hound,large,short,normal,dropped
Bohemian Shepherd,Богемская овчарка,czechia,shepherd,medium,long,normal,erect
Bohemian Wire-Haired Pointing Griffon,Богемский жесткошёрстный пойнтер-грифон,czechia,griffon,medium,wirehaired,normal,dropped
Bolognese,Болоньез,italy,other,small,long,short,dropped
Border Collie,Бордер-колли,uk,collie,medium,medium,normal,semierect
Border Terrier,Бордер-терьер,uk,terrier,small,wirehaired,normal,semierect
Borzoi,Русская псовая борзая,russia,hound,large,long,long,dropped
Boston Terrier,Бостон-терьер,usa,other,small,short,short,erect
Bouvier Des Ardennes,Бувье-де-арденн,belgium,shepherd,large,wirehaired,normal,erect
Bouvier Des Flandres,Бувье-де-фландр,belgium,shepherd,large,wirehaired,normal,semierect
Boxer,Боксёр,germany,mastiff,large,short,short,semierect
Brabancon Griffon,Брабантский грифон,belgium,griffon,small,short,short,semierect
Braque du Bourbonnais,Бракк дю бурбонне,france,pointer,medium,short,normal,dropped
Brazilian Terrier,Бразильский терьер,brazil,terrier,small,short,normal,semierect
Brazilian Tracker,Бразильский трекер,brazil,hound,medium,short,normal,dropped
Briard,Бриар,france,shepherd,large,long,normal,semierect
Briquet Griffon Vendeen Dog,Брике-грифон вандеенский,france,hound,medium,wirehaired,normal,dropped
Brittany Spaniel,Бретонский спаниель,france,spaniel,medium,medium,normal,dropped
Broholmer,Брохольмер,denmark,mastiff,giant,short,normal,dropped
Bucovina Shepherd,Буковинская овчарка,romania,shepherd,giant,medium,normal,dropped
Bull Terrier(Target Dog),Бультерьер,uk,terrier,medium,short,long,erect
Bullmastiff,Бульмастиф,uk,mastiff,giant,short,short,dropped
Burgos Pointer,Бургосская легавая,spain,pointer,medium,short,normal,dropped
Cairn Terrier,Керн-терьер,uk,terrier,small,wirehaired,normal,erect
Canaan,Ханаанская собака,israel,other,medium,short,normal,erect
Canadian Eskimo Dog,Канадская эскимосская собака,canada,laika,large,medium,normal,erect
Cardigan,Кардиган,uk,corgi,small,medium,normal,erect
Carpathian Shepherd,Карпатская овчарка,romania,shepherd,giant,medium,normal,dropped
Castro Laboreiro,Каштру-Лаборейру,portugal,other,medium,short,normal,dropped
Catalan Sheepdog,Каталонская овчарка,spain,shepherd,medium,long,normal,dropped
Caucasian Shepherd Dog,Кавказская овчарка,georgia,shepherd,giant,medium,normal,dropped
Cavalier King Charles Spaniel,Кавалер-кинг-чарльз-спаниель,uk,spaniel,small,long,short,long
Central Asian Shepherd Dog,Среднеазиатская овчарка,uzbekistan,shepherd,giant,medium,normal,dropped
Cesky Terrier,Чешский терьер,czechia,terrier,small,wirehaired,normal,dropped
Chesapeake Bay Retriever,Чесапик-бей-ретривер,usa,retriever,large,short,normal,dropped
Chihuahua,Чихуахуа,mexico,other,toy,short,short,erect
Chinese Crested Dog,Китайская хохлатая собака,china,other,small,hairless,normal,erect
Chow Chow,Чау-чау,china,spitz,medium,long,short,erect
Cimarrón Uruguayo,Симаррон-уругвайо,uruguay,mastiff,large,short,normal,semierect
Cirneco Dell'Etna,Чирнеко-дель-этна,italy,hound,medium,short,long,erect
Clumber Spaniel,Кламбер-спаниель,uk,spaniel,large,medium,normal,dropped
Coarse-Haired Styrian Hound,Жесткошёрстная штирийская гончая,austria,hound,medium,wirehaired,normal,dropped
Cockapoo,Кокапу,usa,poodle,small,curly,normal,dropped
Cocker Spaniel,Кокер-спаниель,uk,spaniel,medium,medium,normal,long
Continental Bulldog,Континентальный бульдог,switzerland,bulldog,medium,short,short,semierect
Corgi,Корги,uk,corgi,small,medium,normal,erect
Coton De Tulear,Котон-де-тулеар,madagascar,other,small,long,short,dropped
Coyote,Койот,usa,wolf,medium,medium,normal,erect
Croatian Shepherd,Хорватская овчарка,croatia,shepherd,medium,medium,normal,erect
Curly-Coated Retriever,Кудрявый ретривер,uk,retriever,large,curly,normal,dropped
Czechoslovakian Wolfdog,Чехословацкая волчья собака,czechia,wolf,large,medium,normal,erect
Dachshund,Такса,germany,hound,small,short,long,long
Dalmatian,Далматин,croatia,other,large,short,normal,dropped
Dandie Dinmont Terrier,Денди-динмонт-терьер,uk,terrier,small,wirehaired,normal,dropped
Danish-Swedish Farmdog,Датско-шведская фермерская собака,denmark,pinscher,small,short,normal,semierect
Deerhound,Дирхаунд,uk,hound,giant,wirehaired,long,semierect
Dhole,Красный волк,india,other,medium,short,normal,erect
Dingo,Динго,australia,other,medium,short,normal,erect
Dobermann,Доберман,germany,pinscher,large,short,normal,erect
Dogo Argentino,Дого-аржентино,argentina,mastiff,large,short,normal,semierect
Dogue De Bordeaux,Дог-де-бордо,france,mastiff,giant,short,short,dropped
Drentsche Partridge,Дрентская куропаточная,netherlands,setter,medium,medium,normal,dropped
Drever,Древер,sweden,hound,small,short,normal,dropped
Dutch Shepherd Dog,Голландская овчарка,netherlands,shepherd,large,medium,normal,erect
Dutch Smoushond,Голландский смоусхонд,netherlands,terrier,small,wirehaired,normal,dropped
East Siberian Laika,Восточносибирская лайка,russia,laika,large,medium,normal,erect
Elk Hound,Элкхаунд,norway,spitz,large,medium,normal,erect
English Cocker Spaniel,Английский кокер-спаниель,uk,spaniel,medium,medium,normal,long
English Foxhound,Английская лисья гончая,uk,hound,large,short,normal,dropped
English Pointer,Английский пойнтер,uk,pointer,large,short,normal,dropped
English Setter,Английский сеттер,uk,setter,large,long,normal,dropped
English Springer,Английский спрингер,uk,spaniel,medium,medium,normal,long
English Springer Spaniel,Английский спрингер-спаниель,uk,spaniel,medium,medium,normal,long
English Toy Terrier,Английский той-терьер,uk,terrier,toy,short,normal,erect
Entlebuch Cattle,Энтлебухская пастушья,switzerland,shepherd,medium,short,normal,dropped
Entlebucher Mountian Dog,Энтлебухер зенненхунд,switzerland,shepherd,medium,short,normal,dropped
Eskimo Dog,Эскимосская собака,usa,spitz,medium,medium,normal,erect
Estonian Hound,Эстонская гончая,estonia,hound,medium,short,normal,dropped
Estrela Mountain,Эштрельская горная,portugal,mastiff,giant,medium,normal,dropped
Eurasian,Евразиер,germany,spitz,medium,medium,normal,erect
Fawn Brittany Griffon,Фавн-бретонский грифон,france,griffon,medium,wirehaired,normal,dropped
Field Spaniel,Филд-спаниель,uk,spaniel,medium,long,normal,dropped
Fila Brasileiro,Фила-бразилейро,brazil,mastiff,giant,short,short,dropped
Finnish Hound,Финская гончая,finland,hound,medium,short,normal,dropped
Finnish Lapponian,Финский лаппонийский,finland,laika,medium,medium,normal,erect
Finnish Spitz,Финский шпиц,finland,spitz,medium,medium,normal,erect
Flat Coated Retriever Dog,Гладкошёрстный ретривер,uk,retriever,large,long,normal,dropped
French Bulldog,Французский бульдог,france,bulldog,small,short,short,erect
French Hound,Французская гончая,france,hound,large,short,normal,dropped
French Pointing - Pyrenean Type,Французская легавая - пиренейский тип,france,pointer,medium,wirehaired,normal,dropped
French Spaniel,Французский спаниель,france,spaniel,medium,medium,normal,dropped
French Tricolour Hound,Французская трёхцветная гончая,france,hound,large,short,normal,dropped
French White & Black Hound,Французская бело-чёрная гончая,france,hound,large,short,normal,dropped
French White And Orange Hound,Французская бело-рыжая гончая,france,hound,large,short,normal,dropped
Gascon Saintongeois,Гаскон-сантонжуа,france,hound,large,short,normal,dropped
German Hound,Немецкая гончая,germany,hound,medium,short,normal,dropped
German Hunting Terrier,Немецкий охотничий терьер,germany,terrier,small,wirehaired,normal,semierect
German Longhaired Pointer,Немецкий длинношёрстный пойнтер,germany,pointer,large,long,normal,dropped
German Pinscher,Немецкий пинчер,germany,pinscher,medium,short,normal,semierect
German Roughhaired Pointer,Немецкий жесткошёрстный пойнтер,germany,pointer,large,wirehaired,normal,dropped
German Shepherd,Немецкая овчарка,germany,shepherd,large,medium,normal,erect
German Shorthaired Pointer,Немецкий короткошёрстный пойнтер,germany,pointer,large,short,normal,dropped
German Spaniel,Немецкий спаниель,germany,spaniel,medium,medium,normal,dropped
German Spitz,Немецкий шпиц,germany,spitz,small,long,short,erect
Giant Schnauzer,Ризеншнауцер,germany,schnauzer,giant,wirehaired,normal,semierect
Golden Retriever,Золотистый ретривер,uk,retriever,large,medium,normal,dropped
Gordon Setter,Гордон-сеттер,uk,setter,large,long,normal,dropped
Grand Anglo-Français Tricolore,Гран-англо-франсез-триколор,france,hound,large,short,normal,dropped
Grand Basset Griffon Vendéen,Гран-бассет-грифон-вандин,france,hound,medium,wirehaired,normal,dropped
Grand Griffon Vendéen,Гран-грифон-вандин,france,hound,large,wirehaired,normal,dropped
Great Anglo-French Hound,Большая англо-французская гончая,france,hound,large,short,normal,dropped
Great Dane,Датский дог,germany,mastiff,giant,short,normal,dropped
Great Gascony Blue,Большой голубой гасконец,france,hound,large,short,normal,dropped
Greater Swiss Mountain Dog,Большой швейцарский зенненхунд,switzerland,mastiff,giant,short,normal,dropped
Greek Harehound,Греческая заячья гончая,greece,hound,medium,short,normal,dropped
Greyhound,Грейхаунд,uk,hound,large,short,long,semierect
Griffon Bleu de Gascogne,Грифон-бле-де-гасконь,france,griffon,medium,wirehaired,normal,dropped
Griffon Bruxellois,Брюссельский грифон,belgium,griffon,toy,wirehaired,short,semierect
Griffon Nivernais,Грифон-ниверне,france,griffon,medium,wirehaired,normal,dropped
Groenendael,Грунендал,belgium,shepherd,large,long,normal,erect
Halden Hound,Хальденская гончая,norway,hound,large,short,normal,dropped
Hamiltonstövare,Хамильтонстёваре,sweden,hound,large,short,normal,dropped
Hanover Hound,Ганноверская гончая,germany,hound,large,short,normal,dropped
Harrier,Харьер,uk,hound,medium,short,normal,dropped
Havanese,Гаванский бишон,cuba,spaniel,small,long,short,dropped
Hokkaido,Хоккайдо,japan,spitz,medium,medium,normal,erect
Hovawart,Ховаварт,germany,shepherd,large,long,normal,dropped
Husky,Хаски,russia,spitz,medium,medium,normal,erect
Hygen Hound,Хюгенхунд,norway,hound,medium,short,normal,dropped
Ibizan Hound,Ивисская гончая,spain,hound,large,short,long,erect
Ibizan Podenco,Ивисский поденко,spain,podenco,medium,short,long,erect
Icelandic Sheepdog,Исландская овчарка,iceland,spitz,medium,medium,normal,erect
Irish Glen Of Imaal Terrier,Ирландский глен-оф-имаал-терьер,ireland,terrier,medium,wirehaired,normal,semierect
Irish Red And White Setter,Ирландский красно-белый сеттер,ireland,setter,large,long,normal,dropped
Irish Red Setter,Ирландский красный сеттер,ireland,setter,large,long,normal,dropped
Irish Setter,Ирландский сеттер,ireland,setter,large,long,normal,dropped
Irish Soft Coated Wheaten Terrier,Ирландский мягкошёрстный пшеничный терьер,ireland,terrier,medium,curly,normal,semierect
Irish Spaniel,Ирландский спаниель,ireland,spaniel,medium,curly,normal,dropped
Irish Terrier,Ирландский терьер,ireland,terrier,medium,wirehaired,normal,semierect
Irish Water Spaniel,Ирландский водяной спаниель,ireland,spaniel,large,curly,normal,dropped
Irish Wolfhound,Ирландский волкодав,ireland,hound,giant,wirehaired,long,semierect
Istrian Short-Haired Hound,Истринская короткошёрстная гончая,croatia,hound,medium,short,normal,dropped
Istrian Wire-Haired Hound,Истринская жесткошёрстная гончая,croatia,hound,medium,wirehaired,normal,dropped
Italian Cane Corso,Итальянский кане-корсо,italy,mastiff,large,short,normal,semierect
Italian Greyhound,Итальянская левретка,italy,hound,toy,short,long,semierect
Italian Pointing,Итальянская легавая,italy,pointer,medium,short,normal,dropped
Italian Rough-Haired Segugio,Итальянский жесткошёрстный зегюио,italy,segugio,medium,wirehaired,normal,dropped
Italian Short-Haired Segugio,Итальянский короткошёрстный зегюио,italy,segugio,medium,short,normal,dropped
Italian Sighthound,Итальянская борзая,italy,hound,medium,short,long,semierect
Italian Spinone,Итальянский спиноне,italy,pointer,large,wirehaired,normal,dropped
Italian Volpino,Итальянский вольпино,italy,spitz,toy,long,short,erect
Jack Russell Terrier,Джек-рассел-терьер,uk,terrier,small,wirehaired,normal,semierect
Jämthund,Ямтхунд,sweden,spitz,large,medium,normal,erect
Japanese Chin,Японский чин,japan,other,small,long,short,dropped
Japanese Spaniel,Японский спаниель,japan,spaniel,small,long,short,dropped
Japanese Spitz,Японский шпиц,japan,spitz,small,long,normal,erect
Japanese Terrier,Японский терьер,japan,terrier,small,short,normal,semierect
Kai,Кай,japan,spitz,medium,short,normal,erect
Kangal Shepherd,Кангал-пастушья,turkey,shepherd,giant,short,normal,dropped
Karelian Bear,Карельская медвежья,finland,spitz,medium,short,normal,erect
Karst Shepherd,Карстовая овчарка,slovenia,shepherd,medium,long,normal,dropped
Keeshond,Кеесхонд,netherlands,spitz,medium,long,normal,erect
Kelpie,Келпи,australia,shepherd,medium,short,normal,erect
Kerry Blue Terrier,Керри-блю-терьер,ireland,terrier,medium,curly,normal,semierect
King Charles Spaniel,Кинг-чарльз-спаниель,uk,spaniel,small,long,short,dropped
Kintamani-Bali,Кинтамани-бали,indonesia,spitz,medium,medium,normal,erect
Kishu,Кисю,japan,spitz,medium,short,normal,erect
Kleiner Münsterländer,Клайнер-мюнстерлендер,germany,pointer,medium,medium,normal,dropped
Komondor,Комондор,hungary,shepherd,giant,long,normal,dropped
Komondor Dog,Комондор-дог,hungary,shepherd,giant,long,normal,dropped
Korea Jindo Dog,Корейская собака джиндо,southkorea,spitz,medium,short,normal,erect
Kromfohrländer Dog,Кромфолендер,germany,terrier,medium,wirehaired,normal,semierect
Kuvasz,Кувас,hungary,shepherd,giant,long,normal,dropped
Labradoodle,Лабрадудль,australia,poodle,medium,curly,normal,dropped
Labrador,Лабрадор,canada,retriever,large,short,normal,dropped
Labrador Retriever,Лабрадор-ретривер,canada,retriever,large,short,normal,dropped
Lakeland Terrier,Лейкленд-терьер,uk,terrier,small,wirehaired,normal,semierect
Lakeland Terrier Dog,Лейкленд-терьер-дог,uk,terrier,small,wirehaired,normal,semierect
Lancashire Heeler,Ланкаширский хилер,uk,other,small,short,normal,erect
Landseer (European Continental Type),Ландсир (европейский континентальный тип),uk,mastiff,giant,medium,normal,dropped
Lapponian Herder Dog,Лапландская пастушья собака,finland,laika,medium,short,normal,erect
Large Munsterlander,Большой мюнстерлендер,germany,setter,large,medium,normal,dropped
Leonberg,Леонберг,germany,mastiff,giant,medium,normal,dropped
Leonberger,Леонбергер,germany,mastiff,giant,medium,normal,dropped
Lhasa,Лхаса,china,other,small,long,short,dropped
Lhasa Apso,Лхаса-апсо,china,other,small,long,short,dropped
Little Lion,Маленький лев,germany,other,small,curly,normal,dropped
Long-Haired Pyrenean Sheepdog,Длинношёрстная пиренейская овчарка,france,shepherd,medium,long,normal,semierect
Magyar Agár,Мадьярская агар,hungary,hound,large,short,long,dropped
Majorca Mastiff,Майоркский мастиф,spain,mastiff,large,short,normal,dropped
Majorca Shepherd,Майоркская овчарка,spain,shepherd,medium,short,normal,erect
Malamute,Маламут,usa,laika,large,medium,normal,erect
Malinois,Малинуа,belgium,shepherd,large,short,normal,erect
Maltese,Мальтезе,italy,other,small,long,short,dropped
Manchester Terrier,Манчестер-терьер,uk,terrier,medium,short,normal,semierect
Maremma And The Abruzzes Sheepdog,Маремма-абруццкая овчарка,italy,shepherd,large,long,normal,dropped
Mastiff,Мастиф,uk,mastiff,giant,short,normal,dropped
Medium-Sized Anglo-French Hound,Средняя англо-французская гончая,france,hound,medium,short,normal,dropped
Mexican Hairless,Мексиканская бесшёрстная,mexico,other,medium,hairless,normal,erect
Miniature American Shepherd,Миниатюрная американская овчарка,usa,shepherd,small,medium,normal,semierect
Miniature Bull Terrier,Миниатюрный бультерьер,uk,terrier,small,short,normal,erect
Miniature Pinscher,Миниатюрный пинчер,germany,pinscher,small,short,normal,erect
Miniature Poodle,Миниатюрный пудель,france,poodle,small,curly,normal,dropped
Mioritic Shepherd,Миоритская овчарка,romania,shepherd,giant,long,normal,dropped
Montenegrin Mountain Hound,Черногорская горная гончая,montenegro,hound,large,short,normal,dropped
Mudi,Муди,hungary,shepherd,medium,medium,normal,erect
Neapolitan Mastiff,Неаполитанский мастиф,italy,mastiff,giant,short,short,dropped
Nederlandse Kooikerhondje,Нидерландский койкерхонье,netherlands,spaniel,medium,medium,normal,dropped
Newfoundland,Ньюфаундленд,canada,retriever,giant,medium,normal,dropped
Norfolk Terrier,Норфолк-терьер,uk,terrier,small,wirehaired,normal,dropped
Norman Artesien Basset,Нормандский артезианский бассет,france,hound,small,short,normal,dropped
Norrbottenspitz,Норрботтеншпиц,sweden,spitz,small,medium,normal,erect
Norwegian Buhund,Норвежский бухунд,norway,spitz,medium,medium,normal,erect
Norwegian Lundehund,Норвежский лундехунд,norway,spitz,small,medium,normal,erect
Norwich Terrier,Норвич-терьер,uk,terrier,small,wirehaired,normal,erect
Nova Scotia Duck Tolling Retriever,Новотландский ретривер,canada,retriever,medium,medium,normal,dropped
Old Danish Pointer,Старая датская легавая,denmark,pointer,large,short,normal,dropped
Old English Sheepdog,Староанглийская овчарка,uk,shepherd,large,long,normal,dropped
Otterhound,Оттерхаунд,uk,hound,large,wirehaired,long,dropped
Papillon,Папильон,france,spaniel,toy,long,normal,erect
Parson Russell Terrier,Парсон-рассел-терьер,uk,terrier,small,wirehaired,normal,semierect
Pekingese,Пекинес,china,other,toy,long,short,dropped
Pembroke Welsh Corgi,Вельш Корги Пемброк,uk,corgi,small,medium,normal,erect
Peruvian Hairless Dog,Перуанская бесшёрстная собака,peru,other,medium,hairless,normal,erect
Petit Basset Griffon Vendeen,Малый бассет-грифон-вандин,france,hound,small,wirehaired,normal,dropped
Pharaoh Hound,Фараонова собака,malta,hound,medium,short,normal,erect
Picardy Spaniel,Пикардийский спаниель,france,spaniel,medium,medium,normal,dropped
Pit Bull,Пит-буль,usa,terrier,medium,short,normal,semierect
Podenco Canario,Поденко-канарио,spain,podenco,medium,short,normal,erect
Poitevin,Пуатевин,france,hound,large,short,long,dropped
Polish Greyhound,Польская борзая,poland,hound,large,short,long,dropped
Polish Hound Dog,Польская гончая,poland,hound,large,short,normal,dropped
Polish Hunting,Польская охотничья,poland,hound,medium,medium,normal,dropped
Polish Lowland Sheepdog,Польская низинная овчарка,poland,shepherd,medium,long,normal,dropped
Pomeranian,Померанский шпиц,germany,spitz,toy,long,short,erect
Pont-Audemer Spaniel,Пон-одемерский спаниель,france,spaniel,medium,curly,normal,dropped
Poodle,Пудель,france,poodle,medium,curly,normal,dropped
Porcelaine,Порселен,france,hound,medium,short,normal,dropped
Portuguese Pointer,Португальская легавая,portugal,pointer,large,short,normal,dropped
Portuguese Sheepdog,Португальская овчарка,portugal,shepherd,medium,long,normal,dropped
Portuguese Warren Hound-Portuguese Podengo Dog,Португальская кроличья гончая-португальский поденго,portugal,podenco,small,short,normal,erect
Portuguese Water Dog,Португальская водяная собака,portugal,other,medium,curly,normal,dropped
Posavatz Hound,Посавацкая гончая,croatia,hound,medium,short,normal,dropped
Prague Ratter Dog,Пражский крысолов,czechia,other,toy,short,normal,erect
Presa Canario,Преса-канарио,spain,mastiff,giant,short,short,dropped
Pudelpointer,Пудельпойнтер,germany,pointer,medium,wirehaired,normal,dropped
Pug,Мопс,china,other,toy,short,short,dropped
Puli,Пули,hungary,shepherd,medium,curly,normal,dropped
Pumi Dog,Пуми,hungary,shepherd,medium,curly,normal,semierect
Pyrenean Mastiff,Пиренейский мастиф,spain,mastiff,giant,long,normal,dropped
Pyrenean Mountain Dog,Пиренейская горная собака,france,shepherd,giant,long,normal,dropped
Pyrenean Sheepdog - Smooth Faced,Пиренейская овчарка - гладкомордая,france,shepherd,medium,medium,normal,semierect
Rafeiro Of Alentejo,Рафейру-ду-алентежу,portugal,mastiff,giant,short,normal,dropped
Rastreador Brasileiro,Растреадор-бразилейро,brazil,hound,large,short,normal,dropped
Redbone,Редбон,usa,hound,medium,short,normal,dropped
Rhodesian Ridgeback,Родезийский риджбек,southafrica,hound,large,short,normal,dropped
Romagna Water Dog,Романьольская водяная собака,italy,other,medium,curly,normal,dropped
Rottweiler,Ротвейлер,germany,mastiff,large,short,normal,dropped
Rough Collie,Длинношёрстный колли,uk,collie,medium,long,normal,semierect
Russian Toy,Русский той,russia,other,toy,short,normal,erect
Russo-European Laika,Русско-европейская лайка,russia,laika,medium,medium,normal,erect
Saarloos Wolfdog,Сарлуская волчья собака,netherlands,wolf,large,medium,normal,erect
Saint Bernard,Сенбернар,switzerland,mastiff,giant,medium,normal,dropped
Saint Germain Pointer,Сен-жерменская легавая,france,pointer,medium,short,normal,dropped
Saint Miguel Cattle Dog,Сен-мигельская пастушья собака,portugal,shepherd,medium,short,normal,dropped
Saluki,Салюки,iraq,hound,large,short,long,long
Samoyed,Самоед,russia,spitz,medium,long,normal,erect
Šarplaninac,Шарпланинац,serbia,shepherd,giant,long,normal,dropped
Schapendoes,Схапендус,netherlands,shepherd,medium,long,normal,dropped
Schiller Hound,Шиллерхунд,sweden,hound,medium,short,normal,dropped
Schipperke,Шипперке,belgium,spitz,small,medium,normal,erect
Schnauzer,Шнауцер,germany,schnauzer,medium,wirehaired,normal,semierect
Scotch Terrier,Скотч-терьер,uk,terrier,small,wirehaired,normal,erect
Scottish Deerhound,Шотландский дирхаунд,uk,hound,giant,wirehaired,long,semierect
Scottish Terrier,Шотландский терьер,uk,terrier,small,wirehaired,normal,erect
Sealyham Terrier,Силихем-терьер,uk,terrier,small,wirehaired,normal,dropped
Segugio Maremmano,Зегюио-мареммано,italy,segugio,medium,short,normal,dropped
Serbian Hound,Сербская гончая,serbia,hound,medium,short,normal,dropped
Serbian Tricolour Hound,Сербская трёхцветная гончая,serbia,hound,medium,short,normal,dropped
Shar Pei,Шарпей,china,other,medium,short,normal,dropped
Shetland Sheepdog,Шетландская овчарка,uk,collie,small,long,normal,semierect
Shiba Inu,Сиба-ину,japan,spitz,small,medium,normal,erect
Shih Tzu,Ши-тцу,china,other,small,long,short,dropped
Shikoku,Сикоку,japan,spitz,medium,medium,normal,erect
Silky Terrier,Силки-терьер,australia,terrier,toy,long,normal,erect
Skye Terrier,Скай-терьер,uk,terrier,small,long,normal,erect
Sloughi,Слуги,morocco,hound,large,short,long,dropped
Slovakian Chuvach,Словацкий чуваш,slovakia,shepherd,giant,long,normal,dropped
Slovakian Hound,Словацкая гончая,slovakia,hound,medium,short,normal,dropped
Smålandsstövare,Смоландстёваре,sweden,hound,small,short,normal,dropped
Small Blue Gascony,Малый голубой гасконец,france,hound,medium,short,normal,dropped
Small Swiss Hound,Малая швейцарская гончая,switzerland,hound,medium,short,normal,dropped
Smooth Collie,Гладкошёрстный колли,uk,collie,medium,short,normal,semierect
Smooth Fox Terrier,Гладкошёрстный фокстерьер,uk,terrier,small,short,normal,semierect
South Russian Shepherd Dog,Южнорусская овчарка,russia,shepherd,giant,long,normal,dropped
Spanish Greyhound,Испанская борзая,spain,hound,medium,short,long,dropped
Spanish Hound,Испанская гончая,spain,hound,medium,short,normal,dropped
Spanish Mastiff,Испанский мастиф,spain,mastiff,giant,short,normal,dropped
Spanish Water Dog,Испанская водяная собака,spain,other,medium,curly,normal,dropped
Stabyhoun,Стабихун,netherlands,pointer,medium,medium,normal,dropped
Staffordshire Bull Terrier,Стаффордширский бультерьер,uk,bulldog,medium,short,short,semierect
Stumpy Tail Cattle Dog,Австралийский стампи-тейл,australia,shepherd,medium,short,normal,erect
Sussex Spaniel,Сассекс-спаниель,uk,spaniel,medium,medium,normal,dropped
Swedish Lapphund,Шведский лапхунд,sweden,spitz,medium,long,normal,erect
Swedish Vallhund,Шведский валлхунд,sweden,spitz,small,medium,normal,erect
Swiss Hound,Швейцарская гончая,switzerland,hound,medium,short,normal,dropped
Taiwan,Тайвань,taiwan,other,medium,short,normal,erect
Tatra Shepherd,Татринская овчарка,poland,shepherd,giant,long,normal,dropped
Thai Bangkaew,Тайский бангкев,thailand,spitz,medium,medium,normal,erect
Thai Ridgeback,Тайский риджбек,thailand,other,medium,short,normal,erect
Tibetan Mastiff,Тибетский мастиф,china,mastiff,giant,long,normal,dropped
Tibetan Spaniel,Тибетский спаниель,china,spaniel,small,long,short,dropped
Tibetan Terrier,Тибетский терьер,china,terrier,medium,long,normal,dropped
Tornjak,Торньяк,bosnia,shepherd,giant,long,normal,dropped
Tosa,Тоса,japan,mastiff,giant,short,normal,dropped
Toy Poodle,Той-пудель,france,poodle,toy,curly,normal,dropped
Toy Terrier,Той-терьер,uk,terrier,toy,short,normal,erect
Transmontano Mastiff,Трансмонтанский мастиф,portugal,mastiff,giant,medium,normal,dropped
Transylvanian Hound,Трансильванская гончая,hungary,hound,medium,short,normal,dropped
Treeing Walker Coonhound,Тринг-уокер-кунхаунд,usa,hound,medium,short,normal,dropped
Tyrolean Hound,Тирольская гончая,austria,hound,medium,short,normal,dropped
Valencian Terrier,Валенсийский терьер,spain,terrier,medium,wirehaired,normal,semierect
Vizsla,Выжла,hungary,pointer,medium,short,normal,dropped
Weimaraner,Веймаранер,germany,pointer,large,short,normal,dropped
Welsh Corgi (Cardigan),Вельш корги (кардиган),uk,corgi,small,medium,normal,erect
Welsh Corgi (Pembroke),Вельш корги (пемброк),uk,corgi,small,medium,normal,erect
Welsh Springer Spaniel,Вельш спрингер-спаниель,uk,spaniel,medium,medium,normal,dropped
Welsh Terrier,Вельш терьер (уэльский),uk,terrier,small,wirehaired,normal,semierect
West Highland White Terrier,Уэст-хайленд-уайт-терьер,uk,terrier,small,wirehaired,normal,erect
West Siberian Laika,Западносибирская лайка,russia,laika,medium,medium,normal,erect
Westphalian Dachsbracke,Вестфальская таксообразная гончая,germany,hound,small,short,normal,dropped
Wetterhoun,Веттерхун,netherlands,spaniel,medium,curly,normal,dropped
Wheaten Terrier,Пшеничный терьер,ireland,terrier,medium,curly,normal,semierect
Whippet,Уиппет,uk,hound,medium,short,long,semierect
White Swiss Shepherd,Белая швейцарская овчарка,switzerland,shepherd,large,long,normal,erect
Wire Fox Terrier,Жесткошёрстный фокстерьер,uk,terrier,small,wirehaired,normal,semierect
Wire-Haired Pointing Griffon Korthals,Жесткошёрстный пойнтер-грифон Корталса,france,griffon,medium,wirehaired,normal,dropped
Wirehaired Pointing Griffon,Жесткошёрстный пойнтер-грифон,usa,griffon,medium,wirehaired,normal,dropped
Wirehaired Slovakian Pointer,Жесткошёрстная словацкая легавая,slovakia,pointer,large,wirehaired,normal,dropped
Wirehaired Vizsla,Жесткошёрстная выжла,hungary,pointer,medium,wirehaired,normal,dropped
Yakutian Laika,Якутская лайка,russia,laika,medium,long,normal,erect
Yorkshire Terrier,Йоркширский терьер,uk,terrier,toy,long,short,erect